{
 "edge": [ [ 21, 20 ],
[ 21, 3 ],
[ 21, 22 ],
[ 22, 23 ],
[ 23, 24 ],
[ 24, 25 ],
[ 25, 26 ],
[ 26, 28 ],
[ 28, 29 ],
[ 29, 9 ],
[ 29, 10 ],
[ 28, 2 ],
[ 26, 30 ],
[ 30, 31 ],
[ 31, 33 ],
[ 33, 34 ],
[ 34, 8 ],
[ 34, 12 ],
[ 33, 11 ],
[ 31, 38 ],
[ 38, 14 ],
[ 38, 17 ],
[ 30, 32 ],
[ 32, 35 ],
[ 35, 36 ],
[ 36, 37 ],
[ 37, 13 ],
[ 37, 15 ],
[ 36, 18 ],
[ 35, 19 ],
[ 32, 16 ],
[ 25, 4 ],
[ 24, 27 ],
[ 27, 1 ],
[ 27, 5 ],
[ 23, 7 ],
[ 22, 6 ] ],
"edge.length": [      0,      0, 5.008e-05, 0.00060096, 0.00071782, 0.0048327, 0.0064503, 0.013421, 0.0027544,      0,      0, 0.035707, 0.016627, 0.0080929, 0.015953, 0.0057939, 0.0029762, 0.0098443, 0.019847, 0.036932, 0.040242, 0.049501, 0.013542, 0.018697, 0.0098291, 0.0096154,      0,      0, 0.016026, 0.022222, 0.045406, 0.0073718, 0.011794, -0.00045788, 0.00045788, 0.012203, -5.008e-05 ],
"tip.label": [ "1_2dn3-Hum", "2_1jeb-Hum", "3_2d5x-Hor", "4_1hds-Dee", "5_2qss-Cow", "6_1qpw-Pig", "7_1fhj-Man", "8_1hbr-Chi", "9_1a4f-Bar", "10_1faw-Gr", "11_1wmu-Al", "12_1out-Tr", "13_2h8f-Em", "14_1cg5-Ca", "15_3d1k-An", "16_1spg-Fi", "17_1gcv-Ho", "18_1V4W-Bl", "19_1xq5-Ye", "20_1s0h-Do" ],
"Nnode": 18 
}
